{"cameraMode":{"drawMode":0,"name":"Shaded","section":"Shading Mode"},"sceneLighting":false,"audioPlay":false,"sceneViewState":{"m_AlwaysRefresh":false,"showFog":true,"showSkybox":false,"showFlares":true,"showImageEffects":true,"showParticleSystems":true,"showVisualEffectGraphs":true,"m_FxEnabled":true},"in2DMode":false,"pivot":{"x":-4.980000019073486,"y":2.4200000762939455,"z":5.960464477539063e-8},"rotation":{"x":0.04195056110620499,"y":-0.04195110499858856,"z":0.0017648283392190934,"w":0.9982499480247498},"size":1.2672227621078492,"orthographic":true}