{"cameraMode":{"drawMode":0,"name":"Shaded","section":"Shading Mode"},"sceneLighting":true,"audioPlay":false,"sceneViewState":{"m_AlwaysRefresh":false,"showFog":true,"showSkybox":true,"showFlares":true,"showImageEffects":true,"showParticleSystems":true,"showVisualEffectGraphs":true,"m_FxEnabled":true},"in2DMode":false,"pivot":{"x":-3.6109800338745119,"y":1.859838843345642,"z":0.1540222465991974},"rotation":{"x":0.04195056110620499,"y":-0.04195110499858856,"z":0.0017648283392190934,"w":0.9982499480247498},"size":3.522383451461792,"orthographic":true}