{"cameraMode":{"drawMode":0,"name":"Shaded","section":"Shading Mode"},"sceneLighting":true,"audioPlay":false,"sceneViewState":{"m_AlwaysRefresh":false,"showFog":true,"showSkybox":true,"showFlares":true,"showImageEffects":true,"showParticleSystems":true,"showVisualEffectGraphs":true,"m_FxEnabled":true},"in2DMode":false,"pivot":{"x":-3.2231338024139406,"y":2.5750935077667238,"z":9.29903793334961},"rotation":{"x":0.05535102263092995,"y":-0.06585031747817993,"z":0.003658197820186615,"w":0.9962880611419678},"size":12.711583137512207,"orthographic":false}